HCPID,ParamID.m1,ans.m1,bll.m1,lf.m1,PSwitch.LL.m1,PSwitch.mean_Punishment_MostlyPunishment.m1,PSwitch.mean_Reward_MostlyPunishment.m1,PSwitch.mean_Punishment_MostlyReward.m1,PSwitch.mean_Reward_MostlyReward.m1,PSwitch.sd_Punishment_MostlyPunishment.m1,PSwitch.sd_Reward_MostlyPunishment.m1,PSwitch.sd_Punishment_MostlyReward.m1,PSwitch.sd_Reward_MostlyReward.m1,ParamID.m2,ans.m2,bll.m2,lf.m2,PSwitch.LL.m2,PSwitch.mean_Punishment_MostlyPunishment.m2,PSwitch.mean_Reward_MostlyPunishment.m2,PSwitch.mean_Punishment_MostlyReward.m2,PSwitch.mean_Reward_MostlyReward.m2,PSwitch.sd_Punishment_MostlyPunishment.m2,PSwitch.sd_Reward_MostlyPunishment.m2,PSwitch.sd_Punishment_MostlyReward.m2,PSwitch.sd_Reward_MostlyReward.m2,Punishment_MostlyPunishment.subj,Reward_MostlyPunishment.subj,Punishment_MostlyReward.subj,Reward_MostlyReward.subj,best_model,maxLL_diff
994273_fnca,113,0.45,0.6,0.1,-4.39198243588011,0.389,0.396,0.428,0.374,0.17851141848804,0.233832313892687,0.274077301772582,0.203850685652063,93,0.4,0.25,0.1,-5.57102524194661,0.331,0.312,0.32,0.318,0.187325428937266,0.277481383821234,0.261861468283191,0.183436581934566,0.294117647058824,0.5,0.6,0.526315789473684,m1,1.1790428060664997
992774_fnca,98,0.4,0.5,0.1,-5.11415064983002,0.367,0.38,0.332,0.355,0.202436687003364,0.297609523657138,0.287451859323559,0.198013089651844,102,0.4,0.7,0.1,-6.65778544897918,0.371,0.34,0.368,0.343,0.218316845199722,0.249897938350513,0.26606735375595,0.200766388763515,0.4,0.6,0,0.55,m1,1.5436347991491592
178950_fnca,119,0.5,0.25,0.1,-3.97723453638567,0.392,0.404,0.36,0.401,0.175650394888511,0.25391626451993,0.235606035749581,0.197041899615492,92,0.4,0.2,0.1,-4.4280413063996,0.341,0.284,0.28,0.307,0.204462960070562,0.25900910077778,0.239045721866879,0.213572623025805,0.4,0.4,0.4,0.55,m1,0.45080677001393044
178849_fnca,44,0.2,0.4,0.1,-4.21390277836773,0.265,0.268,0.256,0.285,0.254199423561061,0.295848830675811,0.305166398235856,0.261715299436589,83,0.35,0.4,0.1,-6.05593090477248,0.327,0.36,0.308,0.319,0.221822230718241,0.261861468283191,0.246477220870739,0.223124839221345,0.35,0.4,0,0.35,m1,1.8420281264047498
178748_fnca,114,0.45,0.65,0.1,-6.5325582503011,0.374,0.348,0.396,0.37,0.213388598283861,0.258125108094062,0.303691572863936,0.21969366427471,51,0.2,0.75,0.1,-5.59484823236653,0.221,0.204,0.208,0.203,0.247041680363324,0.263384564034092,0.299550683933284,0.247314143781317,0.75,0.6,0.6,0.611111111111111,m2,0.9377100179345694
178142_fnca,103,0.4,0.75,0.1,-4.25012598146763,0.355,0.4,0.404,0.394,0.190394327646598,0.277010277566647,0.25391626451993,0.212526108840245,103,0.4,0.75,0.1,-5.28787748841251,0.355,0.4,0.404,0.394,0.190394327646598,0.277010277566647,0.25391626451993,0.212526108840245,0.25,0.4,0.6,0.5,m1,1.03775150694488
177746_fnca,59,0.25,0.5,0.1,-4.17433959926934,0.223,0.216,0.28,0.24,0.242059614853154,0.270570070897182,0.307723703264829,0.248875019859776,94,0.4,0.3,0.1,-4.23184674114402,0.379,0.38,0.372,0.384,0.195377708502254,0.271804251292006,0.239079868816823,0.194159622948937,0.25,0,0.4,0.35,m1,0.0575071418746802
177645_fnca,88,0.35,0.65,0.1,-4.18132441443113,0.335,0.328,0.288,0.349,0.181897593974955,0.282149186185794,0.256061217170378,0.2271136549063,93,0.4,0.25,0.1,-6.24056996115393,0.356,0.344,0.396,0.338,0.207177337031809,0.239182280416644,0.272524104906524,0.168292747852045,0.25,0.4,0.2,0.526315789473684,m1,2.0592455467227992
176542_fnca,124,0.5,0.5,0.1,-3.79703454081389,0.472,0.408,0.404,0.427,0.166034174008773,0.193612278241113,0.230314780157904,0.158503846602394,101,0.4,0.65,0.1,-3.96254358114841,0.336,0.328,0.336,0.341,0.227012541234072,0.261112220772477,0.247237801746102,0.225806943007083,0.5,0.4,0.4,0.5,m1,0.16550904033451985
175439_fnca,129,0.5,0.75,0.1,-6.04780865920539,0.483,0.42,0.432,0.439,0.147291880153604,0.262639661583575,0.246973517542564,0.179366800104121,81,0.35,0.3,0.1,-6.29074392904658,0.321,0.316,0.376,0.311,0.215494211295897,0.277275373325979,0.295931597170835,0.228189412907929,0.55,0.6,0.4,0.8,m1,0.2429352698411904
175035_fnca,63,0.25,0.7,0.1,-12.1700864646355,0.262,0.248,0.288,0.262,0.261775725788784,0.290137194852254,0.318568225480374,0.252247044439715,11,0.05,0.7,0.1,-12.8792890028184,0.192,0.2,0.164,0.178,0.277628440582747,0.323248814256707,0.273122533613298,0.257769078749147,1,0.6,1,0.666666666666667,m1,0.7092025381829004
173940_fnca,119,0.5,0.25,0.1,-5.83344173003896,0.443,0.476,0.484,0.415,0.142503132797644,0.224572155578612,0.280204007313039,0.150254885485447,41,0.2,0.25,0.1,-5.29178669507404,0.18,0.136,0.184,0.168,0.241593350361254,0.211660104885167,0.248555007667789,0.217771645987071,0.45,0.4,1,0.55,m2,0.5416550349649194
173536_fnca,109,0.45,0.4,0.1,-5.43023528509997,0.34,0.32,0.384,0.329,0.192459908361535,0.279941684889506,0.288104289507555,0.204063315504512,63,0.25,0.7,0.1,-5.74406478680514,0.22,0.204,0.216,0.222,0.253143502095276,0.272524104906524,0.255039012621959,0.255782113909316,0.4,0,0.8,0.3,m1,0.31382950170517
173435_fnca,68,0.3,0.3,0.1,-4.70496890291652,0.362,0.332,0.348,0.339,0.233334305148608,0.287451859323559,0.285170911874952,0.240596622365896,22,0.1,0.6,0.1,-4.05384633446431,0.197,0.204,0.184,0.174,0.265039465678881,0.289940176799368,0.273570496081962,0.237813166247826,0.6,0.2,0.6,0.3,m2,0.6511225684522106
173334_fnca,68,0.3,0.3,0.1,-14.7574005032386,0.284,0.336,0.344,0.292,0.241897262725905,0.311520301038606,0.318260578643299,0.249562883163866,71,0.3,0.45,0.1,-18.5568216799574,0.3,0.332,0.296,0.323,0.231455024943138,0.27880210229641,0.283534542401263,0.244367154344542,0.842105263157895,1,1,1,m1,3.799421176718802
173132_fnca,109,0.45,0.4,0.1,-4.71835394946118,0.443,0.46,0.396,0.411,0.172322076238605,0.262639661583575,0.24740283600902,0.179366800104121,41,0.2,0.25,0.1,-3.99347793828279,0.182,0.176,0.212,0.177,0.248415386161229,0.266925044894324,0.292518968511062,0.23673157105611,0.65,0.4,0.5,0.526315789473684,m2,0.7248760111783903
172938_fnca,110,0.45,0.45,0.1,-4.75785003214469,0.432,0.412,0.4,0.449,0.174601587294372,0.256856983950372,0.249079939630896,0.188032237791767,41,0.2,0.25,0.1,-4.82427997701314,0.201,0.176,0.172,0.193,0.2554487847547,0.22728207772973,0.258756839602002,0.242228177130404,0.647058823529412,0.4,0.4,0.6,m1,0.06642994486845044
172534_fnca,5,0.05,0.4,0.1,-4.0581968517027,0.1,0.068,0.084,0.092,0.220157642963178,0.164676553725595,0.202393837124855,0.198041430421176,105,0.45,0.2,0.1,-7.40496885385772,0.384,0.348,0.352,0.364,0.196510372577664,0.282293811335579,0.230562754306652,0.208502924170754,0.2,0,0,0,m1,3.34677200215502
172332_fnca,57,0.25,0.4,0.1,-4.15733976460836,0.281,0.24,0.288,0.309,0.253725305423493,0.245780721915504,0.294604542963434,0.264129297341824,104,0.4,0.8,0.1,-5.85128279785509,0.342,0.324,0.304,0.305,0.219544984001001,0.267688518351353,0.23295790983588,0.182177867783669,0.25,0.2,0.2,0.55,m1,1.6939430332467298
172130_fnca,86,0.35,0.55,0.1,-5.35154696048531,0.375,0.328,0.384,0.362,0.221831430760993,0.248292125513148,0.279474725957428,0.21912627987216,81,0.35,0.3,0.1,-5.01931586026507,0.345,0.316,0.356,0.303,0.201081260860846,0.283102346820916,0.277863569518039,0.205885345545049,0.65,0.4,0.4,0.65,m2,0.33223110022024027
172029_fnca,124,0.5,0.5,0.1,-4.70901537362193,0.405,0.356,0.424,0.395,0.168198740561666,0.259638681436259,0.269965984251833,0.176487844294369,102,0.4,0.7,0.1,-4.43789126026891,0.358,0.34,0.372,0.321,0.192024658280532,0.239897937482095,0.258756839602002,0.198486621149916,0.4,0.4,0.8,0.45,m2,0.2711241133530198
171633_fnca,76,0.3,0.7,0.1,-4.43408425534248,0.305,0.272,0.34,0.312,0.215768678099903,0.241627137278468,0.292072118575155,0.235943611388616,93,0.4,0.25,0.1,-4.56906327200656,0.349,0.32,0.328,0.329,0.20215421472384,0.288557283953202,0.251558408034916,0.237780983088151,0.3,0.2,0.6,0.5,m1,0.1349790166640803
171431_fnca,71,0.3,0.45,0.1,-5.94682551589781,0.312,0.336,0.3,0.304,0.220750112672447,0.308888725754048,0.280669752919836,0.236004150776366,81,0.35,0.3,0.1,-7.04723535792187,0.366,0.336,0.352,0.316,0.236349792658669,0.298130227674185,0.278655664919694,0.216285903000484,0.333333333333333,0.8,0.2,0.65,m1,1.1004098420240593
170934_fnca,128,0.5,0.7,0.1,-4.62783484147501,0.425,0.42,0.416,0.404,0.150932475779396,0.277746029931765,0.245248728387142,0.16094110977723,102,0.4,0.7,0.1,-5.63426323704627,0.351,0.296,0.312,0.298,0.200888333282397,0.265698924287147,0.242974761433935,0.187071960398524,0.4,0.8,0.4,0.4,m1,1.0064283955712607
169444_fnca,112,0.45,0.55,0.1,-4.97631213281818,0.448,0.444,0.416,0.411,0.143199589555905,0.25647532403086,0.227999283922971,0.17240495754982,91,0.35,0.8,0.1,-5.09762726621295,0.318,0.256,0.292,0.296,0.23577055605406,0.249210999855503,0.25938703254608,0.213532007828679,0.5,0.6,0.2,0.6,m1,0.12131513339476996
169343_fnca,109,0.45,0.4,0.1,-5.04954261273553,0.413,0.42,0.4,0.403,0.196086715511276,0.239897937482095,0.245780721915504,0.189362518110914,61,0.25,0.6,0.1,-4.24303917982432,0.17,0.164,0.196,0.189,0.221543748846726,0.231022571562669,0.240713225940863,0.224128698451108,0.65,0.6,0.6,0.45,m2,0.8065034329112093
169141_fnca,7,0.05,0.5,0.1,-5.18853124940997,0.211,0.16,0.236,0.221,0.267698047990566,0.221313334068995,0.301533495617969,0.279410823275093,94,0.4,0.3,0.1,-10.719289414641,0.336,0.34,0.316,0.311,0.209479432529929,0.265729646253404,0.294410514452878,0.237394444857034,0,0.2,0.2,0.65,m1,5.53075816523103
168341_fnca,93,0.4,0.25,0.1,-4.23364315104857,0.385,0.4,0.372,0.327,0.202597922909755,0.315581743348207,0.279970843963059,0.190918830920368,92,0.4,0.2,0.1,-5.58467307434029,0.371,0.372,0.416,0.343,0.187923671000885,0.307750230026937,0.251817880417494,0.175548702469644,0.5,0.6,0.2,0.35,m1,1.35102992329172
168139_fnca,25,0.1,0.75,0.1,-4.82616173712876,0.197,0.212,0.212,0.217,0.260182432072543,0.311441677312698,0.308809432022603,0.278225059391618,103,0.4,0.75,0.1,-9.11608624907635,0.362,0.352,0.372,0.33,0.213465095364033,0.272733704315011,0.302398574664603,0.217124059336724,0.15,0.4,0,0.55,m1,4.28992451194759
167743_fnca,72,0.3,0.5,0.1,-4.25337209853447,0.292,0.228,0.344,0.262,0.255222991735079,0.258756839602002,0.320815287945559,0.235727272369523,12,0.05,0.75,0.1,-4.3709601043042,0.114,0.108,0.1,0.109,0.221783126278896,0.22932020212367,0.20303814862217,0.215636220500724,0.473684210526316,0.2,0.6,0.263157894736842,m1,0.11758800576973005
167036_fnca,126,0.5,0.6,0.1,-5.06293600240323,0.442,0.388,0.404,0.414,0.179386710312483,0.278215890330968,0.289940176799368,0.172330958285717,52,0.2,0.8,0.1,-5.22527033655365,0.128,0.132,0.144,0.139,0.199017997340206,0.234250868488796,0.25885146635214,0.2195287159869,0.7,0.2,0.4,0.5,m1,0.16233433415041976
166438_fnca,80,0.35,0.25,0.1,-3.90694111259732,0.315,0.348,0.32,0.29,0.214345229830338,0.299141629141974,0.27404751561787,0.233430494833831,83,0.35,0.4,0.1,-5.09571516056907,0.302,0.284,0.316,0.287,0.234076561694446,0.25900910077778,0.274315474575965,0.214478484720877,0.35,0.4,0.4,0.157894736842105,m1,1.1887740479717501
165840_fnca,121,0.5,0.35,0.1,-5.51054000795379,0.438,0.448,0.492,0.423,0.156674627095488,0.266680271761784,0.222086579917815,0.153267140400448,71,0.3,0.45,0.1,-5.07527575121897,0.306,0.304,0.308,0.305,0.221691088624487,0.297582092943807,0.3002312034253,0.238458056894623,0.6,0.8,0.4,0.55,m2,0.43526425673482017
165234_fnca,107,0.45,0.3,0.1,-4.3077852395415,0.438,0.44,0.436,0.419,0.183380946198266,0.235606035749581,0.237984736262386,0.175222890127089,81,0.35,0.3,0.1,-3.83192671626907,0.3,0.316,0.288,0.308,0.210441712323661,0.291624583941724,0.259229627936314,0.233290569453457,0.5,0.6,0.6,0.5,m2,0.4758585232724304
165032_fnca,110,0.45,0.45,0.1,-7.31362435797926,0.399,0.38,0.436,0.356,0.194435341542674,0.249897938350513,0.306900236399454,0.186984665965213,21,0.1,0.55,0.1,-6.05290479647435,0.176,0.184,0.164,0.145,0.263074444340962,0.290923932831037,0.293299317755631,0.219286877614411,0.611111111111111,0,1,0.473684210526316,m2,1.26071956150491
164939_fnca,87,0.35,0.6,0.1,-5.97649397038814,0.362,0.388,0.4,0.347,0.232238441859979,0.278215890330968,0.296922995583236,0.217455132599526,31,0.15,0.4,0.1,-5.46302609455497,0.154,0.152,0.136,0.14,0.24945655218609,0.257333262838805,0.230137492178312,0.230571605593842,0.75,0.2,0.4,0.6,m2,0.5134678758331699
164131_fnca,72,0.3,0.5,0.1,-13.9669988604456,0.297,0.308,0.344,0.286,0.248548849549228,0.289150762173137,0.333295235918119,0.240119018107985,41,0.2,0.25,0.1,-21.467689682998,0.21,0.188,0.184,0.211,0.270864074655122,0.275266105017361,0.255039012621959,0.265785320766016,0.947368421052632,0.6,1,1,m1,7.5006908225524
164030_fnca,117,0.45,0.8,0.1,-5.3311964147952,0.407,0.444,0.396,0.415,0.168125924623814,0.240034011195523,0.269512030703413,0.203853188469005,102,0.4,0.7,0.1,-7.93253478055762,0.371,0.328,0.36,0.341,0.205806031128778,0.241627137278468,0.255550625999976,0.204213273869476,0.3,0.6,0.2,0.7,m1,2.6013383657624196
163836_fnca,89,0.35,0.7,0.1,-5.26386745786117,0.371,0.324,0.352,0.344,0.231033613598205,0.258377986046547,0.240950498769234,0.232694947894255,52,0.2,0.8,0.1,-7.11989637518559,0.222,0.2,0.224,0.209,0.266527174400431,0.285714285714286,0.266925044894324,0.240257090192475,0.75,0.4,0.2,0.35,m1,1.8560289173244202
163432_fnca,73,0.3,0.55,0.1,-3.71658961004537,0.311,0.26,0.324,0.279,0.235018453465654,0.265729646253404,0.304764880937849,0.230148576678064,94,0.4,0.3,0.1,-3.89170954412472,0.374,0.356,0.38,0.361,0.207570986136585,0.262763958638135,0.249897938350513,0.186615943059755,0.3,0.25,0.4,0.25,m1,0.1751199340793499
163331_fnca,130,0.5,0.8,0.1,-6.31258830348907,0.435,0.436,0.472,0.426,0.173572898288898,0.237984736262386,0.287877524978514,0.176195624120418,41,0.2,0.25,0.1,-5.98241170105138,0.174,0.176,0.172,0.192,0.237598529508265,0.260736789635425,0.232150549323107,0.241669364282387,0.65,0.4,0.8,0.7,m2,0.33017660243768976
163129_fnca,88,0.35,0.65,0.1,-4.47112410747306,0.302,0.316,0.336,0.271,0.238396000514322,0.274315474575965,0.314129831471651,0.213830468801233,104,0.4,0.8,0.1,-5.25566897805318,0.332,0.332,0.38,0.348,0.182879462923489,0.234250868488796,0.289263667590237,0.18515299795861,0.45,0.2,0.6,0.15,m1,0.7845448705801195
162733_fnca,108,0.45,0.35,0.1,-5.8904526654524,0.401,0.376,0.484,0.363,0.200124960961895,0.244582109246088,0.294410514452878,0.192939136009472,22,0.1,0.6,0.1,-7.49138171070298,0.131,0.152,0.132,0.138,0.230104235475303,0.278655664919694,0.26064284735544,0.242343995685674,0.7,0.4,0.8,0.166666666666667,m1,1.60092904525058
162329_fnca,72,0.3,0.5,0.1,-7.14198771460556,0.3,0.28,0.276,0.273,0.277746029931765,0.271052370871575,0.320433380003408,0.258372062051956,61,0.25,0.6,0.1,-7.18045098554894,0.265,0.248,0.324,0.286,0.247899337701118,0.257333262838805,0.322970902840539,0.267650396401495,0.7,0.6,0.2,0.75,m1,0.03846327094337987
162228_fnca,129,0.5,0.75,0.1,-4.48967541473594,0.406,0.452,0.416,0.413,0.192099039082257,0.296400170756513,0.264467119209283,0.169275165433838,51,0.2,0.75,0.1,-4.01324510075789,0.217,0.232,0.204,0.204,0.265654755236175,0.31392186731018,0.269512030703413,0.249865269818005,0.5,0.6,0.6,0.55,m2,0.47643031397804947
162026_fnca,111,0.45,0.5,0.1,-6.26303133663498,0.403,0.412,0.448,0.363,0.179685098697353,0.284023569013387,0.284454364906369,0.214002193389484,101,0.4,0.65,0.1,-6.78157664581146,0.368,0.36,0.312,0.375,0.17864569884071,0.277010277566647,0.262359777902834,0.211710719075413,0.45,0.8,0.2,0.7,m1,0.5185453091764796
161731_fnca,101,0.4,0.65,0.1,-5.22980879735707,0.374,0.388,0.396,0.364,0.185230138156923,0.295296461204668,0.25068070593193,0.209479432529929,101,0.4,0.65,0.1,-5.86343396219711,0.374,0.388,0.396,0.364,0.185230138156923,0.295296461204668,0.25068070593193,0.209479432529929,0.4,0.6,0.4,0.7,m1,0.6336251648400397
161630_fnca,104,0.4,0.8,0.1,-5.09526847910715,0.403,0.444,0.36,0.399,0.206380370052137,0.305834422322849,0.249079939630896,0.193382881288676,91,0.35,0.8,0.1,-5.10472537644612,0.277,0.288,0.236,0.268,0.203843177016859,0.27452370627347,0.216427392736064,0.212794813501319,0.526315789473684,0.5,0.4,0.7,m1,0.009456897338969483
161327_fnca,122,0.5,0.4,0.1,-6.0476972478869,0.442,0.48,0.48,0.415,0.17881697403793,0.202030508910442,0.20995626366713,0.151270132746767,61,0.25,0.6,0.1,-4.67805034519562,0.202,0.212,0.192,0.187,0.230341361585675,0.24713872828921,0.231974664344965,0.230971771400042,0.684210526315789,0.75,0.6,0.55,m2,1.3696469026912794
160830_fnca,43,0.2,0.35,0.1,-4.40932278445842,0.292,0.272,0.296,0.272,0.263485274343593,0.293494080877629,0.313609662491708,0.246435817698844,103,0.4,0.75,0.1,-5.95064973782894,0.331,0.28,0.344,0.32,0.214735242775367,0.232115382989599,0.261986134545089,0.18461211404743,0.555555555555556,0.4,0.2,0.166666666666667,m1,1.5413269533705192
160123_fnca,99,0.4,0.55,0.1,-4.20990870424341,0.392,0.388,0.38,0.401,0.186361509558433,0.266220715549626,0.29485382057929,0.200634198562092,103,0.4,0.75,0.1,-5.10270589953251,0.34,0.312,0.336,0.333,0.221543748846726,0.229142144637296,0.240543602055419,0.216326001154531,0.4,0.6,0.2,0.45,m1,0.8927971952891003
159441_fnca,87,0.35,0.6,0.1,-9.02956833035456,0.4,0.376,0.408,0.381,0.212372410675979,0.263849060128347,0.267901901022424,0.207730693004973,31,0.15,0.4,0.1,-9.20679201454542,0.129,0.156,0.152,0.118,0.228368213235394,0.28654165918585,0.247633699200234,0.216832484952353,0.6,0.8,0.8,0.85,m1,0.17722368419085832
159340_fnca,27,0.15,0.2,0.1,-4.67242087857485,0.221,0.204,0.204,0.211,0.274807910648697,0.287110872419044,0.269512030703413,0.26015889963871,74,0.3,0.6,0.1,-5.98656010093889,0.293,0.276,0.272,0.252,0.254552428343377,0.312697284664793,0.270328598228911,0.234076561694446,0.55,0,0.2,0.15,m1,1.31413922236404
159239_fnca,54,0.25,0.25,0.1,-9.61395521696865,0.278,0.272,0.372,0.279,0.253377189186399,0.301722943598722,0.338085848293487,0.262851319811278,41,0.2,0.25,0.1,-10.4815674273397,0.214,0.192,0.224,0.21,0.242655378372418,0.270931876368679,0.287537042866494,0.238618472692715,0.55,1,0.6,0.833333333333333,m1,0.8676122103710497
159138_fnca,92,0.4,0.2,0.1,-5.27674026574897,0.38,0.388,0.38,0.379,0.20303814862217,0.266220715549626,0.271804251292006,0.215257321096669,91,0.35,0.8,0.1,-6.03510758025737,0.262,0.24,0.28,0.264,0.22282050980966,0.255550625999976,0.261861468283191,0.223159136044214,0.45,0.6,0.2,0.684210526315789,m1,0.7583673145084004
158540_fnca,85,0.35,0.5,0.1,-5.06804733522386,0.316,0.348,0.372,0.319,0.225750449182549,0.327787885619929,0.291400558877785,0.218503724341304,52,0.2,0.8,0.1,-5.47112861765304,0.178,0.168,0.176,0.189,0.247674902125462,0.246973517542564,0.230845827162562,0.246669654330132,0.444444444444444,0.2,0.8,0.25,m1,0.40308128242917984
158136_fnca,69,0.3,0.35,0.1,-3.76743454654007,0.332,0.264,0.304,0.317,0.245523181498329,0.243913668233292,0.318773158422431,0.242985260323942,63,0.25,0.7,0.1,-3.79234242885927,0.255,0.228,0.264,0.229,0.254199423561061,0.277039745177769,0.269360542843261,0.229704779476366,0.35,0.2,0.4,0.35,m1,0.02490788231920016
158035_fnca,49,0.2,0.65,0.1,-3.87539306199948,0.246,0.2,0.26,0.242,0.252303671905787,0.258725289661069,0.313635691430002,0.264451685336946,84,0.35,0.45,0.1,-4.14831769888691,0.334,0.332,0.364,0.336,0.215813600600337,0.244481959603216,0.276095221669212,0.215482372971026,0.2,0.2,0.4,0.35,m1,0.27292463688742963
157437_fnca,102,0.4,0.7,0.1,-3.85226016195462,0.367,0.324,0.356,0.338,0.208397677138529,0.26462140842327597,0.303153493821738,0.209849314256391,73,0.3,0.55,0.1,-3.7507357043975,0.24,0.272,0.268,0.275,0.203289278153682,0.296262431927216,0.247798469794817,0.225254957588878,0.4,0.2,0.4,0.4,m2,0.10152445755712014
157336_fnca,24,0.1,0.7,0.1,-4.01276585091055,0.079,0.084,0.064,0.075,0.186834533363463,0.210305899652319,0.158770788450855,0.180206797307755,85,0.35,0.5,0.1,-9.10586800524802,0.283,0.256,0.316,0.296,0.223745938282596,0.268145559009144,0.277275373325979,0.230757404197215,0,0,0,0,m1,5.09310215433747
156637_fnca,115,0.45,0.7,0.1,-3.9296435626225,0.35,0.4,0.384,0.323,0.179852547314488,0.285714285714286,0.248555007667789,0.196969385376282,93,0.4,0.25,0.1,-5.30251175250548,0.331,0.336,0.36,0.33,0.210657377303158,0.250517831048948,0.291372543633873,0.229906813420444,0.35,0.6,0.4,0.3,m1,1.37286818988298
156233_fnca,68,0.3,0.3,0.1,-6.18131246085839,0.312,0.312,0.32,0.313,0.248989795709276,0.277481383821234,0.285714285714286,0.23578137573366,52,0.2,0.8,0.1,-8.68463224777553,0.23,0.22,0.248,0.235,0.247023092368437,0.271804251292006,0.309205697336427,0.256198663349442,0.85,0.2,0.2,0.3,m1,2.5033197869171406
155635_fnca,121,0.5,0.35,0.1,-4.3495903327306,0.404,0.448,0.448,0.449,0.169585328591448,0.254141210947852,0.272733704315011,0.155014811668868,91,0.35,0.8,0.1,-4.5155673817803,0.266,0.248,0.332,0.299,0.222104957722465,0.263601430735332,0.237710164799446,0.219575192829524,0.421052631578947,0.6,0.4,0.6,m1,0.16597704904970012
155231_fnca,39,0.15,0.8,0.1,-4.04008138977697,0.067,0.076,0.128,0.082,0.171610023017305,0.20559520362864,0.257966933492473,0.186470985870265,106,0.45,0.25,0.1,-9.20407616031838,0.415,0.384,0.352,0.395,0.147858868174889,0.261362208594955,0.230562754306652,0.190929520066052,0,0,0,0,m1,5.16399477054141
154936_fnca,70,0.3,0.4,0.1,-4.03122669721476,0.308,0.244,0.28,0.264,0.247716098197357,0.250028569796105,0.291372543633873,0.225886010624648,73,0.3,0.55,0.1,-4.66305069623867,0.217,0.216,0.244,0.227,0.237677967692697,0.270570070897182,0.277863569518039,0.263649814128127,0.5,0.2,0.2,0.25,m1,0.6318239990239105
154835_fnca,98,0.4,0.5,0.1,-6.31937245567439,0.386,0.408,0.436,0.385,0.189262801847762,0.264837262314434,0.281946586343975,0.208554304580806,11,0.05,0.7,0.1,-5.29868931100103,0.169,0.196,0.208,0.174,0.249466778287987,0.316846708574815,0.299550683933284,0.242487113059643,0.6,0.4,1,0.368421052631579,m2,1.0206831446733604
154734_fnca,84,0.35,0.45,0.1,-3.75227713506083,0.313,0.296,0.28,0.309,0.223563441208302,0.289235445367857,0.249079939630896,0.216344868302477,53,0.25,0.2,0.1,-3.83962114401913,0.159,0.148,0.168,0.174,0.228278830577423,0.241796001047265,0.259858674306333,0.235007598661344,0.35,0.2,0.25,0.315789473684211,m1,0.08734400895830019
154431_fnca,16,0.1,0.3,0.1,-3.70312259770083,0.24,0.224,0.216,0.222,0.287494454249973,0.304094507329145,0.285256776556541,0.269950864765711,84,0.35,0.45,0.1,-4.09683029583542,0.311,0.336,0.292,0.288,0.235885219407011,0.319284915307406,0.268662598507375,0.235510734622541,0.3,0.2,0.2,0.210526315789474,m1,0.3937076981345897
153833_fnca,120,0.5,0.3,0.1,-4.94324636788785,0.408,0.444,0.444,0.407,0.1667088382021,0.277863569518039,0.265852498616071,0.177858577160023,92,0.4,0.2,0.1,-4.86305635151646,0.347,0.384,0.352,0.33,0.217923877366687,0.264467119209283,0.240950498769234,0.212852348939305,0.55,0.8,0.4,0.473684210526316,m2,0.08019001637139045
153429_fnca,79,0.35,0.2,0.1,-4.52179287782643,0.378,0.4,0.36,0.354,0.238652680774418,0.294160861171057,0.249079939630896,0.204749722782698,82,0.35,0.35,0.1,-5.70616606343246,0.324,0.312,0.304,0.336,0.235874404490775,0.259229627936314,0.265698924287147,0.244122752662153,0.25,0.6,0.4,0.55,m1,1.18437318560603
153025_fnca,96,0.4,0.4,0.1,-4.92207020523946,0.363,0.356,0.36,0.334,0.215901054434948,0.268905567219484,0.302371578407382,0.220722376180891,102,0.4,0.7,0.1,-6.19972902988563,0.321,0.276,0.3,0.278,0.184083499243896,0.255199001981287,0.268784110317525,0.213130217932414,0.45,0.6,0,0.4,m1,1.2776588246461698
152831_fnca,16,0.1,0.3,0.1,-3.97863832928332,0.1,0.084,0.088,0.086,0.217358915067185,0.206387786381237,0.206664472228859,0.189532184548144,106,0.45,0.25,0.1,-8.15031243143912,0.389,0.38,0.34,0.368,0.187706349038565,0.262639661583575,0.243276948084663,0.217771645987071,0.05,0,0,0,m1,4.171674102155801
151728_fnca,99,0.4,0.55,0.1,-4.68730309665751,0.35,0.376,0.416,0.364,0.20528725518857,0.257586918161935,0.299223484836252,0.187366278847021,103,0.4,0.75,0.1,-5.90264857005508,0.337,0.336,0.32,0.315,0.210395642850826,0.253755466413423,0.271052370871575,0.208309522448824,0.315789473684211,0.5,0.8,0.3,m1,1.2153454733975693
151627_fnca,100,0.4,0.6,0.1,-7.84927851054085,0.367,0.392,0.4,0.36,0.182278660857714,0.279825018210178,0.279941684889506,0.218762754730194,51,0.2,0.75,0.1,-7.12260132112297,0.25,0.224,0.312,0.235,0.244114392723358,0.251168696866696,0.336027209782609,0.231950469730422,0.5,0.8,0.8,0.777777777777778,m2,0.7266771894178792
151526_fnca,74,0.3,0.6,0.1,-5.52405255761833,0.33,0.332,0.34,0.323,0.234738238930785,0.281714865255851,0.331354671564091,0.248507791525698,102,0.4,0.7,0.1,-8.02357584500708,0.37,0.36,0.38,0.323,0.216888949295557,0.252336024752224,0.265729646253404,0.198002782911797,0.35,0.6,0,0.65,m1,2.49952328738875
151223_fnca,67,0.3,0.25,0.1,-7.05179566053532,0.34,0.308,0.288,0.318,0.249079939630896,0.286313657033823,0.289009568374898,0.249030774264171,91,0.35,0.8,0.1,-11.2261431124395,0.319,0.324,0.252,0.312,0.227203495948959,0.285399826952452,0.234946802489415,0.223962460411269,0.4,0.4,0.4,0.95,m1,4.17434745190418
150726_fnca,80,0.35,0.25,0.1,-8.94201927273333,0.363,0.388,0.376,0.354,0.216844249569659,0.303476455732028,0.244582109246088,0.209917379276822,31,0.15,0.4,0.1,-7.98696247182088,0.175,0.172,0.176,0.154,0.238029752899309,0.261892640412137,0.263849060128347,0.214485621039391,0.55,1,0.8,0.7,m2,0.9550568009124492
150625_fnca,118,0.5,0.2,0.1,-4.84367650965551,0.442,0.42,0.448,0.387,0.16701460280772,0.271804251292006,0.284454364906369,0.176938245885797,21,0.1,0.55,0.1,-3.91075029736637,0.195,0.212,0.204,0.175,0.270156794986821,0.319208204078499,0.292742137697451,0.244584195260913,0.578947368421053,0.4,0.8,0.45,m2,0.9329262122891402
150524_fnca,106,0.45,0.25,0.1,-3.99002687070122,0.419,0.42,0.352,0.405,0.166258343353631,0.271804251292006,0.247633699200234,0.169106294310739,102,0.4,0.7,0.1,-4.4971377519822,0.361,0.348,0.344,0.341,0.229527020329251,0.264374502460091,0.261986134545089,0.217286136939572,0.5,0.4,0.2,0.421052631578947,m1,0.5071108812809797
150523_fnca,100,0.4,0.6,0.1,-4.40228749015307,0.382,0.33,0.41,0.388,0.237065391822594,0.309047252182628,0.359846906223143,0.237022344593784,95,0.4,0.35,0.1,-5.41500999175626,0.376,0.36,0.37,0.368,0.186875490580204,0.26322179675269,0.361544306709822,0.249440189551053,0.5,0,0.5,0.4,m1,1.0127225016031893
150423_fnca,118,0.5,0.2,0.1,-4.42590009056234,0.412,0.38,0.52,0.322,0.221902718159401,0.490314351478015,0.357365010272261,0.189833439345858,43,0.2,0.35,0.1,-4.43587155474419,0.234,0.28,0.293333333333333,0.208,0.250395605360145,0.453557367611073,0.34100026266606,0.246477220870739,0.6,0,0.666666666666667,0.3,m1,0.009971464181849576
149741_fnca,122,0.5,0.4,0.1,-4.88750320622028,0.47,0.452,0.496,0.419,0.139970842444753,0.231446207440899,0.259481429479834,0.144239738078022,61,0.25,0.6,0.1,-4.07434407081226,0.152,0.124,0.16,0.142,0.234512085759662,0.217180447874056,0.264960528442734,0.216267030708401,0.55,0.6,0.8,0.5,m2,0.8131591354080197
149539_fnca,95,0.4,0.35,0.1,-7.06636179726963,0.384,0.388,0.376,0.376,0.190712948095898,0.256856983950372,0.290362194649429,0.226607635370398,51,0.2,0.75,0.1,-7.46863515023673,0.145,0.168,0.136,0.151,0.238885592974152,0.311310593642885,0.215482372971026,0.240639030203213,0.35,0.8,0.8,0.7,m1,0.4022733529670992
149337_fnca,89,0.35,0.7,0.1,-5.36491877596837,0.322,0.316,0.344,0.334,0.236936226673348,0.262141883999751,0.291484588453871,0.245664446772754,41,0.2,0.25,0.1,-5.55391155293979,0.175,0.164,0.196,0.184,0.24769344120571,0.248061875098837,0.287110872419044,0.253030610393127,0.55,0.2,0.4,0.7,m1,0.18899277697142036
148941_fnca,133,NA,0.3,0.1,-4.05145045189659,0.197,0.168,0.236,0.197,0.259789946546302,0.26606735375595,0.324986655926997,0.255831976109321,105,0.45,0.2,0.1,-4.96782688423444,0.404,0.428,0.436,0.39,0.171975318589854,0.279970843963059,0.267077914184041,0.193517388344915,0.05,0.2,0.4,0.3,m1,0.9163764323378496
148840_fnca,126,0.5,0.6,0.1,-5.72557862100834,0.435,0.484,0.428,0.43,0.153280455241964,0.249374728274621,0.206071119088651,0.159078981795143,91,0.35,0.8,0.1,-5.43447402251754,0.267,0.24,0.248,0.232,0.218204640890432,0.258725289661069,0.263601430735332,0.215889238419394,0.55,0.8,0.4,0.65,m2,0.2911045984908007
148335_fnca,54,0.25,0.25,0.1,-4.24007891395615,0.274,0.24,0.344,0.297,0.253795675491052,0.268023757704196,0.338158277154594,0.27449582726095,53,0.25,0.2,0.1,-5.03515833845344,0.26,0.256,0.252,0.268,0.253747423833309,0.27712812921102,0.276449796158215,0.257887809810738,0.4,0.2,0.6,0.15,m1,0.7950794244972901
148032_fnca,98,0.4,0.5,0.1,-4.07288147162231,0.369,0.404,0.344,0.354,0.186506551835454,0.275503250101204,0.274166640820461,0.208453978672727,92,0.4,0.2,0.1,-4.78134875999016,0.355,0.316,0.34,0.33,0.210502314689877,0.239352869041437,0.243276948084663,0.221773924232286,0.4,0.4,0.2,0.5,m1,0.7084672883678502
147737_fnca,73,0.3,0.55,0.1,-5.74883137995039,0.316,0.304,0.312,0.293,0.272074419591255,0.300312762136478,0.289009568374898,0.242649070528967,61,0.25,0.6,0.1,-5.11669329653105,0.243,0.28,0.296,0.241,0.258924384202597,0.288557283953202,0.323854338635537,0.262190536730486,0.55,0,0.6,0.578947368421053,m2,0.6321380834193402
147030_fnca,33,0.15,0.5,0.1,-4.09406704592088,0.118,0.108,0.12,0.111,0.222866300178161,0.22932020212367,0.255550625999976,0.218129805952552,85,0.35,0.5,0.1,-6.96933963059697,0.302,0.248,0.324,0.321,0.209459946977352,0.260486201600948,0.251979914975421,0.225671334068836,0.2,0,0,0,m1,2.8752725846760896
146432_fnca,130,0.5,0.8,0.1,-4.08356145451204,0.422,0.484,0.472,0.435,0.159130289321649,0.239352869041437,0.267291784309177,0.157871686466431,91,0.35,0.8,0.1,-3.81925474563179,0.273,0.232,0.268,0.205,0.231280817031008,0.24027195476147,0.295848830675811,0.209286933199766,0.473684210526316,0.4,0.6,0.529411764705882,m2,0.26430670888025
146331_fnca,108,0.45,0.35,0.1,-6.30881240447019,0.433,0.44,0.464,0.404,0.16770053484636,0.261861468283191,0.215482372971026,0.171678389402263,41,0.2,0.25,0.1,-5.10225817741495,0.2,0.192,0.192,0.212,0.249897938350513,0.273928338610443,0.291260455711421,0.269269609219049,0.65,0.8,0.6,0.6,m2,1.20655422705524
145834_fnca,130,0.5,0.8,0.1,-5.33582240615839,0.465,0.448,0.412,0.39,0.161703306038168,0.230562754306652,0.256856983950372,0.160356745147455,71,0.3,0.45,0.1,-4.41137606690101,0.276,0.24,0.284,0.303,0.218585433724973,0.252336024752224,0.283102346820916,0.26426833919719,0.555555555555556,0.8,0.6,0.45,m2,0.9244463392573801
144226_fnca,123,0.5,0.45,0.1,-5.60426339336736,0.442,0.464,0.456,0.398,0.149611742418126,0.211660104885167,0.235744586796986,0.16318263212907,1,0.05,0.2,0.1,-4.40932934605208,0.164,0.172,0.176,0.154,0.236047383690095,0.274077301772582,0.269965984251834,0.226066632763395,0.8,0.6,1,0.3,m2,1.1949340473152796
143325_fnca,108,0.45,0.35,0.1,-3.78810872355837,0.391,0.368,0.312,0.362,0.160258082670499,0.275117785536245,0.262359777902834,0.184213717940741,102,0.4,0.7,0.1,-4.25570593512967,0.355,0.352,0.372,0.337,0.209530573483895,0.290137194852254,0.271082486128695,0.213763649761094,0.5,0.4,0.2,0.35,m1,0.4675972115713005
142828_fnca,123,0.5,0.45,0.1,-4.2581209783275,0.403,0.44,0.488,0.388,0.130700623798146,0.224971653543195,0.239591489065561,0.1701020102102,31,0.15,0.4,0.1,-4.0486981149292,0.117,0.112,0.116,0.111,0.225109950459588,0.236159752225964,0.210305899652319,0.201851127197795,0.5,0.6,0.8,0.35,m2,0.20942286339829952
142424_fnca,128,0.5,0.7,0.1,-4.22406246070936,0.462,0.48,0.444,0.42,0.194453708881983,0.245780721915504,0.253272459567775,0.164750894209583,41,0.2,0.25,0.1,-4.03881660347222,0.228,0.208,0.176,0.209,0.283771969391349,0.282727242899497,0.237813166247826,0.267583669920575,0.736842105263158,0.6,0.6,0.444444444444444,m2,0.18524585723714004
141826_fnca,111,0.45,0.5,0.1,-4.01147559753522,0.336,0.284,0.364,0.375,0.211660104885167,0.249374728274621,0.276095221669212,0.205349378735215,83,0.35,0.4,0.1,-4.24113671986802,0.294,0.272,0.296,0.276,0.220305909765378,0.270328598228911,0.277716637262237,0.238241859616377,0.45,0.2,0.25,0.578947368421053,m1,0.2296611223328
141422_fnca,121,0.5,0.35,0.1,-4.32532272256228,0.465,0.436,0.476,0.392,0.14471999706682,0.254558441227157,0.279620734392214,0.146858254581673,31,0.15,0.4,0.1,-4.01046241406869,0.093,0.1,0.108,0.101,0.196138747225696,0.225876975726313,0.222086579917815,0.200634198562092,0.5,0.6,0.8,0.5,m2,0.31486030849359015
140925_fnca,84,0.35,0.45,0.1,-3.94144589338241,0.293,0.256,0.244,0.268,0.21594831203181,0.268145559009144,0.250028569796105,0.202977831301844,23,0.1,0.65,0.1,-4.12285422999499,0.208,0.2,0.232,0.195,0.262320881551506,0.258725289661069,0.308677230538732,0.236740191702522,0.5,0.2,0.2,0.157894736842105,m1,0.18140833661258027
140824_fnca,93,0.4,0.25,0.1,-4.24851819531869,0.277,0.348,0.264,0.277,0.159786209207995,0.276449796158215,0.247237801746102,0.19748676008321,104,0.4,0.8,0.1,-5.80715845200731,0.362,0.38,0.376,0.358,0.205922513661457,0.243276948084663,0.269965984251834,0.186635079932001,0.25,0.6,0,0.25,m1,1.5586402566886202
140117_fnca,124,0.5,0.5,0.1,-4.83910300810343,0.41,0.42,0.496,0.398,0.169633458386256,0.243276948084663,0.214723362606354,0.155825648251696,91,0.35,0.8,0.1,-4.49043058065247,0.299,0.296,0.324,0.303,0.223033355243157,0.253111252461144,0.267688518351353,0.229997781710687,0.55,0.8,0.8,0.5,m2,0.3486724274509596
139637_fnca,124,0.5,0.5,0.1,-4.02395264728497,0.433,0.444,0.388,0.409,0.158310596290833,0.271924359230388,0.250420055270405,0.17163380571818,91,0.35,0.8,0.1,-4.43024421657839,0.346,0.348,0.304,0.381,0.185670324467199,0.254942970813762,0.239863906992175,0.206251777976257,0.55,0.6,0.2,0.473684210526316,m1,0.4062915692934199
139233_fnca,121,0.5,0.35,0.1,-4.3080397388793,0.457,0.396,0.464,0.394,0.130152971223739,0.207963890115175,0.263229549857852,0.177177415983793,11,0.05,0.7,0.1,-3.74113455397688,0.121,0.136,0.14,0.146,0.212153679377637,0.253755466413423,0.277746029931765,0.255318928209486,0.65,0.4,0.8,0.45,m2,0.5669051849024198
138534_fnca,105,0.45,0.2,0.1,-4.7960822122521,0.438,0.44,0.4,0.428,0.189402928667313,0.239045721866879,0.21380899352994,0.172662227768436,101,0.4,0.65,0.1,-5.78352568141637,0.336,0.316,0.352,0.319,0.199754951919412,0.24607946285868,0.272733704315011,0.198177924592822,0.5,0.6,0,0.7,m1,0.98744346916427
138231_fnca,126,0.5,0.6,0.1,-4.47875356463687,0.439,0.432,0.476,0.424,0.152626662019398,0.24027195476147,0.291064197982058,0.158835044711712,11,0.05,0.7,0.1,-3.95007134882201,0.189,0.16,0.164,0.173,0.274101500639929,0.242436610692531,0.248061875098837,0.247685201785802,0.7,0.6,0.8,0.4,m2,0.5286822158148601
137936_fnca,129,0.5,0.75,0.1,-4.20152829802874,0.44,0.38,0.344,0.407,0.155182578445717,0.262639661583575,0.221460827143727,0.168125924623814,12,0.05,0.75,0.1,-4.34322526301805,0.146,0.164,0.128,0.141,0.238370317286497,0.273122533613298,0.201058423837248,0.227158579869137,0.7,0.2,0.25,0.315789473684211,m1,0.14169696498931028
137633_fnca,35,0.15,0.6,0.1,-3.76871586184538,0.103,0.056,0.076,0.105,0.220946479806254,0.151401614851335,0.170903959185579,0.225707504418928,44,0.2,0.4,0.1,-4.05487957279456,0.193,0.188,0.184,0.202,0.251730743746049,0.272284365159302,0.261362208594955,0.259897939152103,0.2,0,0,0.0555555555555556,m1,0.2861637109491797
137128_fnca,125,0.5,0.55,0.1,-3.91562480059711,0.402,0.356,0.468,0.407,0.153516601508682,0.243411132842844,0.234250868488796,0.160041448712896,93,0.4,0.25,0.1,-3.92877938106282,0.328,0.328,0.352,0.329,0.194873061771199,0.257966933492473,0.275710584727196,0.22087257384644,0.3,0.2,0.6,0.45,m1,0.01315458046570983
137027_fnca,120,0.5,0.3,0.1,-4.51957250060508,0.443,0.496,0.432,0.442,0.147083899422703,0.259481429479834,0.262981337120088,0.179102068721744,91,0.35,0.8,0.1,-5.43772329192117,0.331,0.308,0.388,0.337,0.206498999355188,0.277628440582747,0.286883322652828,0.221960191319552,0.2,0.6,0.2,0.666666666666667,m1,0.9181507913160898
136833_fnca,119,0.5,0.25,0.1,-5.98959046579767,0.434,0.476,0.464,0.446,0.139034572121102,0.235224599574317,0.240543602055419,0.13807717451646,1,0.05,0.2,0.1,-4.64912795342287,0.118,0.088,0.092,0.13,0.215652782149871,0.176866143320482,0.198812802938455,0.239045721866879,0.7,0.6,1,0.789473684210526,m2,1.3404625123748
136227_fnca,115,0.45,0.7,0.1,-3.79353293369961,0.423,0.4,0.356,0.384,0.182446525573598,0.252336024752224,0.226021490760756,0.173334641543991,103,0.4,0.75,0.1,-4.17728065934522,0.39,0.364,0.4,0.363,0.21570955529345,0.270117132566823,0.296922995583236,0.2118456311293,0.45,0.4,0.2,0.4,m1,0.3837477256456099
135932_fnca,126,0.5,0.6,0.1,-4.3928072881585,0.423,0.352,0.332,0.396,0.17762894138154,0.250908553144002,0.227174301507248,0.180373761610582,93,0.4,0.25,0.1,-5.20860523154812,0.327,0.336,0.348,0.317,0.202839536459292,0.247237801746102,0.264374502460091,0.204692402379367,0.5,0.2,0,0.6,m1,0.8157979433896196
135528_fnca,124,0.5,0.5,0.1,-4.33803476415128,0.417,0.408,0.46,0.413,0.171610023017305,0.28559997713371,0.21092604371762,0.143857213789172,31,0.15,0.4,0.1,-3.83101912473083,0.156,0.156,0.156,0.162,0.242781500825036,0.250028569796105,0.25647532403086,0.249399278266799,0.526315789473684,0.4,0.8,0.55,m2,0.5070156394204504
135225_fnca,124,0.5,0.5,0.1,-4.87119431472168,0.426,0.48,0.4,0.379,0.166977940618098,0.268023757704196,0.242436610692531,0.164778763244317,101,0.4,0.65,0.1,-5.15158216312172,0.343,0.284,0.304,0.332,0.223837131022737,0.265237667777718,0.253111252461144,0.229186671977768,0.3,0.8,0.8,0.5,m1,0.28038784840004016
134234_fnca,14,0.1,0.2,0.1,-3.73464481139047,0.138,0.132,0.16,0.133,0.22869639441042,0.241119836409625,0.268023757704196,0.217267351529898,107,0.45,0.3,0.1,-4.00079657352626,0.361,0.336,0.332,0.379,0.184968281892119,0.226562601161132,0.266833281282527,0.2018005683534,0.157894736842105,0.2,0.2,0.05,m1,0.2661517621357894
133982_fnca,130,0.5,0.8,0.1,-3.99914527832466,0.431,0.388,0.444,0.381,0.178110834560268,0.21912627987216,0.268905567219484,0.170500463821262,41,0.2,0.25,0.1,-3.68993483934043,0.167,0.144,0.18,0.161,0.23487078514427,0.249210999855503,0.262639661583575,0.245217521097211,0.6,0.4,0.6,0.5,m2,0.30921043898423006
133827_fnca,121,0.5,0.35,0.1,-4.3019735818039,0.466,0.416,0.444,0.436,0.148955547402709,0.288104289507555,0.253272459567775,0.172034642927949,31,0.15,0.4,0.1,-4.04269405685146,0.127,0.136,0.12,0.134,0.21218253597181,0.230137492178312,0.224971653543195,0.228222948639514,0.6,0.6,0.75,0.421052631578947,m2,0.25927952495244
133625_fnca,91,0.35,0.8,0.1,-3.81634954701987,0.253,0.244,0.276,0.236,0.194938504170324,0.246742036655818,0.302074460343533,0.208502924170754,94,0.4,0.3,0.1,-4.00852804586217,0.356,0.32,0.356,0.351,0.175731706453506,0.242436610692531,0.218678778493171,0.188032237791767,0.3,0.2,0.4,0.1,m1,0.1921784988423001
133019_fnca,121,0.5,0.35,0.1,-4.27694045734219,0.413,0.472,0.376,0.41,0.159658436440204,0.264220069067358,0.22728207772973,0.173499397164159,71,0.3,0.45,0.1,-4.99328020898434,0.285,0.22,0.284,0.271,0.232609421256197,0.243276948084663,0.277275373325979,0.249712079101071,0.421052631578947,0.6,0.2,0.7,m1,0.7163397516421508
132118_fnca,123,0.5,0.45,0.1,-6.54555009406927,0.421,0.428,0.476,0.412,0.140730600939584,0.268054213219061,0.261518329634261,0.152716891598774,11,0.05,0.7,0.1,-7.02465401738368,0.145,0.148,0.152,0.146,0.230848037302747,0.276449796158215,0.272733704315011,0.226292207699041,0.85,1,0.8,0.235294117647059,m1,0.4791039233144101
131924_fnca,111,0.45,0.5,0.1,-4.50772411551765,0.366,0.384,0.444,0.373,0.191780061103168,0.238498705768105,0.240034011195523,0.192780408014626,62,0.25,0.65,0.1,-4.41907763642563,0.207,0.18,0.2,0.183,0.222923524911983,0.24660966430903,0.268023757704196,0.214430903194707,0.3,0.2,0.8,0.55,m2,0.08864647909202006
131722_fnca,45,0.2,0.45,0.1,-3.84129418484142,0.248,0.22,0.276,0.215,0.275525471988137,0.268784110317525,0.32798705798260003,0.232389978357106,95,0.4,0.35,0.1,-4.05917362459481,0.343,0.332,0.392,0.36,0.200002551004139,0.284597818627176,0.261736742642258,0.197690750044258,0.166666666666667,0.2,0.4,0.1,m1,0.21787943975339008
131217_fnca,122,0.5,0.4,0.1,-4.70389752570304,0.429,0.472,0.496,0.434,0.175281115319806,0.22042630310841,0.268753737515539,0.170664965977921,91,0.35,0.8,0.1,-4.79523328745506,0.316,0.28,0.332,0.288,0.205396580064131,0.268023757704196,0.284597818627176,0.217958992585715,0.65,0.8,0.6,0.722222222222222,m1,0.09133576175202052
130922_fnca,100,0.4,0.6,0.1,-3.69843641086558,0.359,0.304,0.4,0.349,0.219853847557222,0.274761492118201,0.291372543633873,0.207140394074026,73,0.3,0.55,0.1,-3.69142561583578,0.23,0.208,0.224,0.214,0.2287945339721,0.258599051405366,0.260736789635425,0.217133458443212,0.4,0.25,0.4,0.368421052631579,m2,0.007010795029799954
130316_fnca,110,0.45,0.45,0.1,-4.63889288281869,0.407,0.416,0.404,0.435,0.178717083454177,0.261362208594955,0.278450523212924,0.202345935345933,71,0.3,0.45,0.1,-5.43665058053987,0.248,0.256,0.248,0.25,0.253739380998275,0.305166398235856,0.278655664919694,0.240110518771023,0.3,0.6,0.2,0.8,m1,0.7977576977211793
130013_fnca,59,0.25,0.5,0.1,-4.34037908561325,0.212,0.2,0.244,0.239,0.23047422273855,0.261861468283191,0.31373978558867,0.236317410207854,43,0.2,0.35,0.1,-4.76842185474246,0.242,0.216,0.212,0.221,0.277812152068146,0.264467119209283,0.269269609219049,0.249507678504396,0.2,0,0.2,0.6,m1,0.4280427691292097
129028_fnca,122,0.5,0.4,0.1,-4.38948780285236,0.428,0.456,0.38,0.418,0.153914898298921,0.291484588453871,0.249897938350513,0.176056577177187,91,0.35,0.8,0.1,-4.54212587194913,0.218,0.24,0.24,0.229,0.211351337244651,0.258725289661069,0.242436610692531,0.227023778310483,0.45,0.8,0.4,0.65,m1,0.15263806909677058
128632_fnca,125,0.5,0.55,0.1,-4.11482950240686,0.434,0.424,0.428,0.385,0.171856608477972,0.272973049428484,0.249112711151284,0.174452496311712,52,0.2,0.8,0.1,-4.42669337355495,0.171,0.172,0.188,0.173,0.23863771534205,0.271082486128695,0.286883322652828,0.230175177299591,0.45,0.6,0.6,0.2,m1,0.31186387114808944
128329_fnca,121,0.5,0.35,0.1,-4.0562330940863,0.427,0.416,0.4,0.432,0.145759796814303,0.245248728387142,0.239045721866879,0.169561258570946,51,0.2,0.75,0.1,-3.91368077952528,0.24,0.248,0.24,0.235,0.26821404793598,0.324659947687812,0.27404751561787,0.259954862643969,0.65,0.6,0.4,0.5,m2,0.14255231456102013
128127_fnca,127,0.5,0.65,0.1,-7.47013407389864,0.452,0.428,0.5,0.445,0.172603119133734,0.239079868816823,0.222233559801486,0.159798980865694,1,0.05,0.2,0.1,-7.46606408672092,0.222,0.216,0.2,0.198,0.266909753149881,0.273570496081962,0.255550625999976,0.239676652928865,0.85,1,0.8,0.95,m2,0.004069987177720336
127933_fnca,102,0.4,0.7,0.1,-4.10161220593084,0.316,0.288,0.32,0.335,0.207128078290527,0.25285310731243,0.221313334068995,0.22090952991703,83,0.35,0.4,0.1,-4.51308644989186,0.275,0.276,0.284,0.287,0.232170328044929,0.279620734392214,0.297170328400452,0.220576702379587,0.3,0.2,0.2,0.6,m1,0.4114742439610204
127630_fnca,121,0.5,0.35,0.1,-3.87577003857036,0.449,0.42,0.408,0.43,0.158271917913444,0.253143502095276,0.21365621823817,0.165985000551746,103,0.4,0.75,0.1,-4.17260995232755,0.289,0.272,0.348,0.277,0.224583514760191,0.244982298402583,0.293633118301164,0.211701079210229,0.421052631578947,0.4,0.25,0.578947368421053,m1,0.29683991375718977
126628_fnca,35,0.15,0.6,0.1,-3.98517543914451,0.127,0.092,0.108,0.11,0.224565339793866,0.194663498250238,0.194663498250238,0.194831167099798,13,0.05,0.8,0.1,-4.07884000238391,0.149,0.14,0.168,0.156,0.233974095897431,0.239897937482095,0.286741012349586,0.242781500825036,0.35,0,0,0.1,m1,0.09366456323940042
126325_fnca,119,0.5,0.25,0.1,-3.75166523227945,0.44,0.432,0.48,0.382,0.176704526812185,0.253497977289358,0.242436610692531,0.153782247323404,52,0.2,0.8,0.1,-3.77793853875928,0.266,0.28,0.228,0.258,0.251006138635399,0.315581743348207,0.255582567831986,0.268662598507375,0.45,0.4,0.6,0.35,m1,0.026273306479830172
125525_fnca,128,0.5,0.7,0.1,-5.54325891259493,0.473,0.404,0.468,0.403,0.161690684799776,0.223113405775482,0.223552030194498,0.161121705805371,1,0.05,0.2,0.1,-4.05790773369475,0.143,0.168,0.144,0.135,0.237334260106728,0.306021207748477,0.274166640820461,0.222749516135895,0.8,0.6,1,0.45,m2,1.4853511789001796
124826_fnca,126,0.5,0.6,0.1,-4.48107203518797,0.438,0.4,0.46,0.405,0.146580061010065,0.252336024752224,0.239897937482095,0.135995948318998,21,0.1,0.55,0.1,-3.88610219561612,0.082,0.084,0.084,0.075,0.191065754254863,0.235917661181063,0.198319470160895,0.177640430220656,0.6,0.4,0.75,0.666666666666667,m2,0.5949698395718501
124422_fnca,128,0.5,0.7,0.1,-4.01279158953614,0.45,0.48,0.44,0.436,0.121218305346265,0.224971653543195,0.228571428571429,0.142871427857214,31,0.15,0.4,0.1,-3.84301322974217,0.128,0.128,0.132,0.129,0.224326656863583,0.238224726693438,0.223552030194498,0.214307141785821,0.65,0.4,0.5,0.578947368421053,m2,0.1697783597939697
124220_fnca,121,0.5,0.35,0.1,-4.77501424116029,0.415,0.416,0.432,0.412,0.161071032625424,0.238498705768105,0.253497977289358,0.164304346769484,41,0.2,0.25,0.1,-4.42839569332824,0.157,0.148,0.144,0.146,0.235824649487967,0.273480962289323,0.245913540472572,0.233832313892687,0.45,0.6,0.8,0.7,m2,0.3466185478320494
123925_fnca,129,0.5,0.75,0.1,-5.22586362256777,0.429,0.464,0.388,0.412,0.193804551240761,0.240543602055419,0.230031053804232,0.16798930966959,101,0.4,0.65,0.1,-6.3489086936295,0.335,0.332,0.38,0.347,0.223663833026445,0.295848830675811,0.292072118575155,0.214621166006429,0.45,1,0.2,0.5,m1,1.1230450710617301
123420_fnca,130,0.5,0.8,0.1,-4.22926289292879,0.426,0.448,0.412,0.432,0.149229312653721,0.223369374693624,0.256856983950372,0.167136752025253,91,0.35,0.8,0.1,-4.194845543243,0.288,0.296,0.336,0.304,0.216078217130666,0.274761492118201,0.295379382475888,0.206239409128205,0.388888888888889,0.6,0.6,0.7,m2,0.03441734968579002
123117_fnca,129,0.5,0.75,0.1,-3.78326644342475,0.433,0.416,0.508,0.419,0.15798798714343,0.245248728387142,0.243142689273066,0.180952694235318,72,0.3,0.5,0.1,-3.84805198712178,0.289,0.26,0.244,0.273,0.235668826785316,0.24660966430903,0.243411132842844,0.239516945845046,0.45,0.4,0.6,0.3,m1,0.06478554369703016
122620_fnca,127,0.5,0.65,0.1,-6.18995641430969,0.42,0.436,0.424,0.414,0.167819144635296,0.231022571562669,0.272973049428484,0.182957561712423,51,0.2,0.75,0.1,-5.87281047212603,0.284,0.284,0.3,0.293,0.265622103825748,0.307962361866723,0.308386187784613,0.26225279905512,0.55,1,0.8,0.6,m2,0.31714594218366
122317_fnca,121,0.5,0.35,0.1,-5.52380662207013,0.466,0.48,0.496,0.447,0.153676044101259,0.21380899352994,0.24324339032906,0.14547950272903,11,0.05,0.7,0.1,-4.49746543319816,0.185,0.144,0.184,0.17,0.263463973450114,0.242571260306184,0.261362208594955,0.23517253761649,0.666666666666667,0.2,1,0.263157894736842,m2,1.02634118887197
121618_fnca,123,0.5,0.45,0.1,-4.9497837680606,0.443,0.416,0.484,0.389,0.160994992950408,0.264467119209283,0.271323287851619,0.154289021128583,11,0.05,0.7,0.1,-4.7862962013467,0.154,0.164,0.156,0.143,0.236436124178025,0.276095221669212,0.253272459567775,0.210928462580399,0.5,0.6,1,0.315789473684211,m2,0.16348756671389975
121315_fnca,124,0.5,0.5,0.1,-4.81664858953383,0.398,0.448,0.356,0.388,0.154840273198163,0.191918349985676,0.240034011195523,0.159258485821392,81,0.35,0.3,0.1,-5.63102728538759,0.296,0.28,0.244,0.274,0.237082608525607,0.294160861171057,0.250028569796105,0.224799230153377,0.666666666666667,0.4,0,0.65,m1,0.81437869585376
120515_fnca,129,0.5,0.75,0.1,-4.49575067122417,0.445,0.436,0.436,0.417,0.160117941224714,0.279036242251425,0.241390529547251,0.132714977700795,61,0.25,0.6,0.1,-4.40197617423881,0.213,0.188,0.184,0.221,0.237720896199295,0.281134726944,0.209333246674448,0.242245026907106,0.6,0.8,0.6,0.4,m2,0.09377449698535933
120212_fnca,129,0.5,0.75,0.1,-3.95612147833358,0.423,0.416,0.388,0.429,0.158181631586694,0.293716509163346,0.269269609219049,0.165396863479873,91,0.35,0.8,0.1,-4.02056909083423,0.327,0.272,0.284,0.288,0.231501311319952,0.241627137278468,0.280204007313039,0.232238441859979,0.4,0.4,0.4,0.684210526315789,m1,0.06444761250065012
120111_fnca,128,0.5,0.7,0.1,-3.93930682895096,0.414,0.38,0.388,0.4,0.16691681907404,0.262639661583575,0.256856983950372,0.174086537242199,83,0.35,0.4,0.1,-3.91360093781197,0.273,0.284,0.292,0.292,0.224110486599984,0.283102346820916,0.268662598507375,0.214133279114877,0.45,0.2,0.4,0.555555555555556,m2,0.025705891138990022
119833_fnca,124,0.5,0.5,0.1,-3.91713398356496,0.422,0.432,0.44,0.45,0.129030924943739,0.253497977289358,0.249079939630896,0.186809954723172,91,0.35,0.8,0.1,-4.1449030689889,0.262,0.264,0.252,0.238,0.208385435661704,0.284109780449281,0.254942970813762,0.205177872061471,0.4,0.6,0.4,0.6,m1,0.22776908542394025
118932_fnca,125,0.5,0.55,0.1,-3.74300970689306,0.448,0.424,0.44,0.44,0.165972704911109,0.216238719181994,0.242436610692531,0.169633458386256,71,0.3,0.45,0.1,-3.81771307095237,0.243,0.236,0.22,0.204,0.246818532033359,0.306900236399454,0.225876975726313,0.220583641408747,0.473684210526316,0.4,0.4,0.55,m1,0.07470336405931022
118730_fnca,142,NA,0.75,0.1,-3.87765290858297,0.193,0.148,0.196,0.183,0.267263150914477,0.251720609617334,0.287110872419044,0.260613483448386,13,0.05,0.8,0.1,-3.71025829948536,0.217,0.196,0.208,0.201,0.275460653140465,0.269512030703413,0.282727242899497,0.257240060992824,0.35,0,0.2,0.15,m2,0.16739460909760995
118528_fnca,129,0.5,0.75,0.1,-4.01141821327846,0.398,0.4,0.328,0.377,0.149816213939559,0.261861468283191,0.234773012390562,0.175897117424838,72,0.3,0.5,0.1,-4.54857433528348,0.301,0.284,0.296,0.3,0.25223288558677,0.249374728274621,0.277716637262237,0.242646967878043,0.4,0.6,0.2,0.5,m1,0.5371561220050207
117324_fnca,99,0.4,0.55,0.1,-4.7186361207178,0.31,0.284,0.36,0.279,0.199744735058708,0.232431688450431,0.285714285714286,0.188736399699233,2,0.05,0.25,0.1,-3.79890968540355,0.228,0.212,0.248,0.212,0.255782113909316,0.260015698113222,0.30118134749953,0.240865785305037,0.578947368421053,0,0.6,0.1,m2,0.9197264353142502
117122_fnca,120,0.5,0.3,0.1,-4.43289255209524,0.425,0.464,0.368,0.445,0.171205211631527,0.269360542843261,0.226274169979695,0.187967105242011,91,0.35,0.8,0.1,-4.35349312458824,0.272,0.3,0.336,0.289,0.197989898732233,0.292072118575155,0.300855921853444,0.212442068934242,0.666666666666667,0.75,0.4,0.6,m2,0.07939942750700002
116524_fnca,122,0.5,0.4,0.1,-3.78692781293305,0.432,0.384,0.464,0.386,0.175766542752085,0.258219966347314,0.247237801746102,0.162894732504004,52,0.2,0.8,0.1,-3.81784289367712,0.158,0.128,0.128,0.151,0.235683980735879,0.201058423837248,0.231269786798264,0.227338190942975,0.421052631578947,0.4,0.6,0.3,m1,0.0309150807440699
115320_fnca,127,0.5,0.65,0.1,-5.13267945725461,0.445,0.416,0.476,0.444,0.167895132479188,0.224390330469393,0.279620734392214,0.140567363472,11,0.05,0.7,0.1,-4.37696152926839,0.162,0.184,0.164,0.151,0.237452465705007,0.285256776556541,0.248061875098837,0.218877003947749,0.55,0.6,1,0.5,m2,0.7557179279862201
114924_fnca,112,0.45,0.55,0.1,-5.3594247049866,0.394,0.376,0.472,0.382,0.185890026738436,0.204600157599636,0.234773012390562,0.16621844491082,2,0.05,0.25,0.1,-4.21499417508304,0.151,0.124,0.152,0.139,0.249180288800159,0.224572155578612,0.287309830628035,0.235018453465654,0.75,0,0.8,0.3,m2,1.14443052990356
114419_fnca,115,0.45,0.7,0.1,-3.92070254663116,0.44,0.44,0.444,0.438,0.163819213445424,0.221313334068995,0.214913366503903,0.148310209922807,81,0.35,0.3,0.1,-3.91851348082085,0.282,0.284,0.276,0.272,0.227398777660815,0.239352869041437,0.258377986046547,0.235424063757124,0.6,0.6,0.4,0.5,m2,0.0021890658103096428
113922_fnca,126,0.5,0.6,0.1,-4.9203924303148,0.406,0.456,0.464,0.455,0.188072934180941,0.252465394678566,0.260109866896938,0.174744711753215,101,0.4,0.65,0.1,-5.51687416486997,0.301,0.324,0.312,0.302,0.199102578423018,0.267688518351353,0.236159752225964,0.208238481809013,0.5,0.8,0.4,0.85,m1,0.5964817345551694
113821_fnca,92,0.4,0.2,0.1,-3.86540392342062,0.338,0.336,0.36,0.291,0.183380946198266,0.275355058357869,0.252336024752224,0.194749970527361,83,0.35,0.4,0.1,-4.43512913281869,0.306,0.296,0.296,0.277,0.221230326001787,0.253111252461144,0.27177421601358,0.230175177299591,0.3,0.4,0.4,0.1,m1,0.56972520939807
113619_fnca,109,0.45,0.4,0.1,-4.35749186694662,0.405,0.408,0.472,0.415,0.190929520066052,0.279825018210178,0.251558408034916,0.199041068472754,21,0.1,0.55,0.1,-4.10275642392974,0.115,0.096,0.124,0.104,0.226609886845933,0.194789263417821,0.213388598283861,0.19505101373534,0.55,0.6,0.8,0.388888888888889,m2,0.2547354430168802
113215_fnca,112,0.45,0.55,0.1,-4.42825864191386,0.397,0.372,0.324,0.432,0.143003496460751,0.249112711151284,0.209528138483418,0.196852788672559,104,0.4,0.8,0.1,-5.72228227865334,0.343,0.332,0.36,0.318,0.206528646034038,0.257491826698104,0.249079939630896,0.203479929311598,0.222222222222222,0.4,0,0.6,m1,1.29402363673948
112819_fnca,84,0.35,0.45,0.1,-4.20417131852889,0.327,0.272,0.296,0.324,0.231941671063029,0.254782820681234,0.277716637262237,0.237598529508265,12,0.05,0.75,0.1,-3.96415592065428,0.182,0.188,0.16,0.202,0.242596498788605,0.269269609219049,0.235606035749581,0.264181446613296,0.5,0,0.4,0.4,m2,0.24001539787461024
111716_fnca,125,0.5,0.55,0.1,-4.41895854156282,0.405,0.42,0.444,0.407,0.14991494187011,0.268784110317525,0.243411132842844,0.15584201838361,41,0.2,0.25,0.1,-4.52553796434043,0.163,0.176,0.156,0.165,0.238791600713737,0.281801782992868,0.246742036655818,0.252386567772211,0.35,0.6,0.8,0.35,m1,0.10657942277760935
111413_fnca,125,0.5,0.55,0.1,-4.75615701743408,0.434,0.396,0.42,0.37,0.151670965028423,0.272524104906524,0.249897938350513,0.17142857142857101,12,0.05,0.75,0.1,-4.68803626081037,0.201,0.204,0.24,0.196,0.266781650380216,0.303691572863936,0.347586430302755,0.261440280768215,0.8,0.2,0.4,0.05,m2,0.06812075662370987
111312_fnca,123,0.5,0.45,0.1,-4.67615233956974,0.436,0.48,0.48,0.426,0.146747040438814,0.202030508910442,0.264960528442734,0.174449571685414,101,0.4,0.65,0.1,-4.56733004745284,0.362,0.328,0.332,0.359,0.190209336881066,0.227712672516243,0.254301765143504,0.188898525831263,0.7,0.8,0.6,0.6,m2,0.10882229211690042
110411_fnca,108,0.45,0.35,0.1,-3.78110843164444,0.354,0.384,0.404,0.38,0.180656399537568,0.258219966347314,0.275503250101204,0.181265393434993,93,0.4,0.25,0.1,-4.09766285474252,0.308,0.324,0.328,0.296,0.20760047972891,0.279620734392214,0.264220069067358,0.212574116726475,0.25,0.4,0.4,0.5,m1,0.31655442309808013
109325_fnca,3,0.05,0.3,0.1,-3.7300999925411,0.059,0.052,0.072,0.06,0.166196957166576,0.150156381068239,0.201058423837248,0.168426087465023,60,0.25,0.55,0.1,-4.1299691551845,0.27,0.276,0.276,0.291,0.24032291201801,0.282525057584748,0.267688518351353,0.259648506521365,0.1,0,0,0,m1,0.3998691626433999
109123_fnca,10,0.05,0.65,0.1,-3.94862443476126,0.224,0.184,0.176,0.217,0.271661554144123,0.248555007667789,0.247897279582673,0.273042196036302,13,0.05,0.8,0.1,-4.3262258905184,0.224,0.176,0.204,0.196,0.294722283666838,0.275947347831992,0.303691572863936,0.260462696612261,0.4,0.2,0,0.25,m1,0.3776014557571403
108828_fnca,124,0.5,0.5,0.1,-4.6496168494782,0.426,0.436,0.436,0.395,0.181894789055966,0.231022571562669,0.254558441227157,0.191729507592422,11,0.05,0.7,0.1,-4.21141668461427,0.182,0.168,0.204,0.173,0.26025105618402,0.278069144242204,0.289940176799368,0.246239057562743,0.65,0.4,0.8,0.2,m2,0.43820016486392976
108525_fnca,111,0.45,0.5,0.1,-4.42041849268028,0.398,0.364,0.428,0.336,0.174951888430237,0.234529489899784,0.255582567831986,0.187093777642799,12,0.05,0.75,0.1,-4.03220951689852,0.132,0.12,0.164,0.144,0.221718703932414,0.235606035749581,0.260893284931692,0.23004879695315,0.65,0.2,0.6,0.1,m2,0.38820897578175995
108323_fnca,122,0.5,0.4,0.1,-4.55189052666589,0.441,0.472,0.468,0.366,0.160258082670499,0.22042630310841,0.254301765143504,0.163644712217458,71,0.3,0.45,0.1,-4.46677523219542,0.284,0.348,0.284,0.262,0.23461649123449,0.312488367130421,0.271323287851619,0.215605459777145,0.473684210526316,0.8,0.75,0.526315789473684,m2,0.0851152944704694
108121_fnca,121,0.5,0.35,0.1,-5.48545842000877,0.455,0.468,0.42,0.419,0.144367020938627,0.223552030194498,0.218529407725405,0.134729509819959,71,0.3,0.45,0.1,-5.773137755744,0.219,0.272,0.236,0.234,0.218503724341304,0.33260873624812,0.264003710549063,0.227775399578315,0.65,1,0.4,0.7,m1,0.28767933573522964
107422_fnca,26,0.1,0.8,0.1,-3.73891465126336,0.082,0.064,0.096,0.088,0.195552592226569,0.153543186771936,0.225840832518509,0.200906110673923,80,0.35,0.25,0.1,-4.02779791131158,0.286,0.296,0.284,0.282,0.224071781501612,0.24324339032906,0.268297732881565,0.216361375707309,0.05,0,0,0.1,m1,0.2888832600482196
107321_fnca,78,0.3,0.8,0.1,-3.799392440511,0.299,0.236,0.324,0.323,0.225082751222654,0.216427392736064,0.279620734392214,0.260926528090236,104,0.4,0.8,0.1,-3.99298174522763,0.32,0.344,0.324,0.318,0.201524799709513,0.291484588453871,0.261518329634261,0.214466590329,0.3,0.2,0.2,0.45,m1,0.19358930471663038
106521_fnca,126,0.5,0.6,0.1,-4.17428351261872,0.403,0.368,0.328,0.389,0.186375197614152,0.26606735375595,0.234773012390562,0.190136900196481,73,0.3,0.55,0.1,-5.10710182376008,0.259,0.232,0.272,0.235,0.252273337344028,0.269117984898666,0.290699367816615,0.228850276337154,0.4,0.4,0,0.45,m1,0.9328183111413599
106319_fnca,120,0.5,0.3,0.1,-3.76444413281869,0.473,0.42,0.436,0.403,0.175024779586742,0.229462548631557,0.267077914184041,0.161753781143705,103,0.4,0.75,0.1,-3.82239356324683,0.361,0.34,0.364,0.328,0.218129805952552,0.280669752919836,0.251331149957134,0.193031667064749,0.6,0.4,0.4,0.35,m1,0.05794943042814005
106016_fnca,96,0.4,0.4,0.1,-4.51957459026098,0.379,0.432,0.408,0.375,0.186013495231296,0.26606735375595,0.242301886252734,0.184404723477508,81,0.35,0.3,0.1,-4.90768194386327,0.293,0.304,0.244,0.276,0.224292538567699,0.249865269818005,0.218678778493171,0.222976158696258,0.25,0.8,0.6,0.45,m1,0.3881073536022903
105216_fnca,21,0.1,0.55,0.1,-3.76379294860816,0.118,0.132,0.112,0.116,0.232062623497387,0.26064284735544,0.218192949623278,0.2193310795327,86,0.35,0.55,0.1,-4.27939548715302,0.274,0.28,0.228,0.246,0.22705748620298,0.294160861171057,0.255582567831986,0.203750547764382,0.1,0.2,0,0.05,m1,0.5156025385448602
105115_fnca,133,NA,0.3,0.1,-3.76742128083313,0.058,0.088,0.076,0.062,0.16330764757078,0.246311566425741,0.180203966071103,0.163057520838632,90,0.35,0.75,0.1,-4.15031235279993,0.284,0.264,0.276,0.258,0.223250568479748,0.292602676902677,0.279620734392214,0.214609279522445,0,0,0,0,m1,0.38289107196679995
105014_fnca,117,0.45,0.8,0.1,-3.9643616695834,0.38,0.288,0.384,0.349,0.2,0.210577437402152,0.290923932831037,0.181403260326662,93,0.4,0.25,0.1,-3.90407147385915,0.358,0.292,0.352,0.341,0.201868819801779,0.198812802938455,0.263601430735332,0.223992073474915,0.5,0.2,0.4,0.55,m2,0.06029019572424987
104820_fnca,126,0.5,0.6,0.1,-3.95737858253667,0.467,0.412,0.404,0.414,0.149013764601853,0.240441770285363,0.237297711918241,0.172034642927949,92,0.4,0.2,0.1,-4.34977502757941,0.308,0.264,0.316,0.317,0.18853895824341,0.222930390892928,0.262141883999751,0.226465747286157,0.6,0.4,0.2,0.5,m1,0.3923964450427402
103818_fnca,111,0.45,0.5,0.1,-3.99097982726313,0.418,0.324,0.448,0.382,0.187834056158784,0.224572155578612,0.275710584727196,0.176056577177187,22,0.1,0.6,0.1,-3.91495136049824,0.179,0.16,0.164,0.181,0.261879003062288,0.245780721915504,0.254558441227157,0.260863949214912,0.45,0.2,0.6,0.2,m2,0.07602846676488983
103515_fnca,109,0.45,0.4,0.1,-4.4395450617342,0.422,0.364,0.452,0.391,0.18630674727887,0.227461591285659,0.234946802489415,0.174288641661598,11,0.05,0.7,0.1,-3.91826638772065,0.145,0.12,0.156,0.141,0.231068944566026,0.221313334068995,0.259638681436259,0.219389226383296,0.6,0.2,0.8,0.5,m2,0.52127867401355
103414_fnca,124,0.5,0.5,0.1,-3.82933404453394,0.445,0.42,0.46,0.431,0.15194319561559,0.225876975726313,0.207019667802706,0.149451377664156,51,0.2,0.75,0.1,-3.69464814917152,0.236,0.248,0.24,0.225,0.258338490183333,0.306554253280038,0.264960528442734,0.243329372812797,0.55,0.4,0.6,0.5,m2,0.13468589536241993
103111_fnca,122,0.5,0.4,0.1,-4.50119524820912,0.43,0.468,0.428,0.407,0.172319115454497,0.26064284735544,0.249112711151284,0.169636466045025,51,0.2,0.75,0.1,-5.24759810887257,0.232,0.244,0.256,0.204,0.262981337120088,0.31633100720993,0.315685195815614,0.241770679000763,0.55,0.8,0.2,0.45,m1,0.7464028606634496
102816_fnca,120,0.5,0.3,0.1,-3.8342177056944,0.443,0.44,0.436,0.437,0.119099512499216,0.261861468283191,0.231022571562669,0.143857213789172,91,0.35,0.8,0.1,-3.85536607129624,0.297,0.264,0.372,0.304,0.24125733572436,0.281221823985469,0.299686911455871,0.218024525862461,0.526315789473684,0.4,0.4,0.6,m1,0.02114836560184008
102311_fnca,123,0.5,0.45,0.1,-3.94611403763725,0.448,0.416,0.436,0.402,0.172603119133734,0.241897262725905,0.244748934249624,0.175534170171962,101,0.4,0.65,0.1,-4.05483706922446,0.363,0.32,0.28,0.331,0.206972836628483,0.252336024752224,0.252336024752224,0.233624939261411,0.4,0.6,0.4,0.55,m1,0.10872303158721008
102008_fnca,130,0.5,0.8,0.1,-3.84439061806559,0.439,0.408,0.448,0.427,0.125474609188554,0.248948810409051,0.263601430735332,0.156886153965614,91,0.35,0.8,0.1,-3.70679515402937,0.303,0.324,0.34,0.295,0.224610774452162,0.299359861254999,0.277746029931765,0.191463216481146,0.55,0.4,0.6,0.45,m2,0.1375954640362198
101915_fnca,109,0.45,0.4,0.1,-3.68403983797148,0.352,0.368,0.408,0.368,0.180124673377035,0.272134420566644,0.282727242899497,0.16529503616138,103,0.4,0.75,0.1,-3.83950942415335,0.299,0.344,0.276,0.298,0.207632426392883,0.25567836938511,0.267688518351353,0.212602916254693,0.35,0.4,0.4,0.4,m1,0.1554695861818698
101410_fnca,116,0.45,0.75,0.1,-3.8352392677588,0.412,0.324,0.392,0.41,0.177154377505575,0.220907220343745,0.238909085261336,0.185988808089879,93,0.4,0.25,0.1,-3.79110997651735,0.344,0.38,0.384,0.324,0.211804684768293,0.280669752919836,0.251817880417494,0.188235631752398,0.55,0.2,0.4,0.45,m2,0.04412929124144993
101309_fnca,128,0.5,0.7,0.1,-4.67779992451138,0.433,0.388,0.472,0.439,0.141641254223334,0.233552860773552,0.254782820681234,0.173584655580674,101,0.4,0.65,0.1,-4.96487090639911,0.385,0.36,0.396,0.359,0.186331392296365,0.232115382989599,0.25391626451993,0.198640789530514,0.15,0.6,0.6,0.7,m1,0.28707098188773017
101107_fnca,80,0.35,0.25,0.1,-3.74370952821362,0.303,0.324,0.276,0.272,0.235044502950711,0.279620734392214,0.261518329634261,0.222499713368309,94,0.4,0.3,0.1,-4.25521568073727,0.348,0.312,0.4,0.314,0.205277313676412,0.289009568374898,0.27404751561787,0.208747479515518,0.2,0.4,0.25,0.263157894736842,m1,0.51150615252365
101006_fnca,118,0.5,0.2,0.1,-4.68148064392066,0.435,0.376,0.444,0.408,0.15194319561559,0.241221381933776,0.259638681436259,0.143342034224125,11,0.05,0.7,0.1,-4.04284805547062,0.138,0.156,0.144,0.162,0.223962460411269,0.262763958638135,0.245913540472572,0.251639521895095,0.7,0.2,0.8,0.3,m2,0.6386325884500401
100408_fnca,123,0.5,0.45,0.1,-4.02127432725649,0.415,0.408,0.432,0.447,0.13219111088087,0.248948810409051,0.229853546984214,0.172144339057048,71,0.3,0.45,0.1,-3.94395302189723,0.26,0.308,0.256,0.264,0.227452618972724,0.310917011041696,0.302479548979795,0.246410972456461,0.611111111111111,0.4,0.4,0.631578947368421,m2,0.07732130535926052
100307_fnca,124,0.5,0.5,0.1,-4.2992356151607,0.3945,0.426,0.396,0.3975,0.172459188555356,0.25529543195239,0.247786157397825,0.168681009091963,101,0.4,0.65,0.1,-4.77204346848303,0.3535,0.346,0.388,0.3475,0.189664110330539,0.282635504285694,0.276807193227023,0.187806987746635,0.45,0.6,0.2,0.65,m1,0.47280785332233055
145531_fnca,129,0.5,0.75,0.1,-4.9428394684367,0.452,0.402,0.452,0.4205,0.113483793682496,0.208483347350451,0.177557119294735,0.109810829918305,91,0.35,0.8,0.1,-7.08051658443638,0.3,0.306,0.306,0.2705,0.135714285714286,0.187801458341255,0.197339446494757,0.129332075349798,0.5,0.75,0.4,0.8,m1,2.13767711599968
144832_fnca,78,0.3,0.8,0.1,-5.36309884165275,0.318,0.28,0.298,0.3025,0.160994992950408,0.155182578445717,0.200499376557634,0.166923696365026,94,0.4,0.3,0.1,-7.78535951864093,0.3355,0.326,0.344,0.3025,0.15804045594178,0.183847763108502,0.179750393828867,0.142790162869313,0.4,0,0.2,0.65,m1,2.42226067698818
